ethanol__heptane,1664,,,,,,,,,,,,,
2-propanol__water,1278,,,,,,,,,,,,,
methanol__water,1117,,,,Water,Heptane,Octane,Decane,Methanol,Ethanol,1-propanol,1-butanol,Benzene,Toluene
benzene__octane,1080,,,Water,,0,0,0,1117,1050,713,0,0,0
ethanol__water,1050,,,Heptane,0,,0,750,0,1664,378,261,0,151
cyclohexane__nonane,1031,,,Octane,0,0,,750,0,720,77,112,1080,111
1-propanol__toluene,986,,,Decane,0,750,750,,0,720,17,126,0,10
ethanol__methylcyclohexane,851,,,Methanol,1117,0,0,0,,469,105,105,248,24
"1,4-butanediol__water",849,,,Ethanol,1050,1664,720,720,469,,74,0,0,805
ethanol__toluene,805,,,1-propanol,713,378,77,17,105,74,,0,0,986
1-heptanol__heptane,756,,,1-butanol,0,261,112,126,105,0,0,,189,214
n-decane__heptane,750,,,Benzene ,0,0,1080,0,248,0,0,189,,25
n-hexane__decane,750,,,Toluene,0,151,111,10,24,805,986,214,25,
n-octane__n-decane,750,,,,,,,,,,,,,
n-hexane__octane,750,,,,,,,,,,,,,
ethyl alcohol__n-decane,720,,,,,,,,,,,,,
1-propanol__water,713,,,,,,,,,,,,,
2-methyl-2-propanol__water,650,,,,,,,,,,,,,
n-butyl alcohol__2-methylheptane,648,,,,,,,,,,,,,
"1,3-propanediol__water",646,,,,,,,,,,,,,
"3-methylpentane-1,5-diol__water",592,,,,,,,,,,,,,
1-butanol__cyclohexane,590,,,,,,,,,,,,,
"1,2-propanediol__water",558,,,,,,,,,,,,,
"2-methyl-2-propyl-1,3-propanediol__water",554,,,,,,,,,,,,,
tert-pentyl alcohol__heptane,552,,,,,,,,,,,,,
benzene__cyclohexane,534,,,,,,,,,,,,,
glycerol__water,514,,,,,,,,,,,,,
"2,2,4-trimethylpentane__methyl tert-butyl ether",500,,,,,,,,,,,,,
toluene__methyl tert-butyl ether,493,,,,,,,,,,,,,
ethanol__methanol,469,,,,,,,,,,,,,
1-propoxy-2-propanol__water,463,,,,,,,,,,,,,
propane__butane,445,,,,,,,,,,,,,
2-methylpropane__butane,435,,,,,,,,,,,,,
propane__2-methylpropane,426,,,,,,,,,,,,,
"1,1,1-trimethanolethane__water",405,,,,,,,,,,,,,
benzene__methyl tert-butyl ether,393,,,,,,,,,,,,,
"2,2-bis(hydroxymethyl)-1,3-propanediol__water",391,,,,,,,,,,,,,
ethylbenzene__methyl tert-butyl ether,390,,,,,,,,,,,,,
"1,2-dimethylbenzene__tert-butyl ethyl ether",390,,,,,,,,,,,,,
"1,3-dimethylbenzene__tert-butyl ethyl ether",390,,,,,,,,,,,,,
"1,3-dimethylbenzene__methyl tert-butyl ether",390,,,,,,,,,,,,,
"1,2-dimethylbenzene__methyl tert-butyl ether",390,,,,,,,,,,,,,
"1,4-dimethylbenzene__methyl tert-butyl ether",390,,,,,,,,,,,,,
"1,4-dimethylbenzene__tert-butyl ethyl ether",390,,,,,,,,,,,,,
1-propanol__heptane,378,,,,,,,,,,,,,
tetrahydrofuran__water,368,,,,,,,,,,,,,
"1,2-dihydroxyethane__water",361,,,,,,,,,,,,,
tert-butanol__water,360,,,,,,,,,,,,,
hexane__1-hexanol,352,,,,,,,,,,,,,
"1,2-ethanediol__water",349,,,,,,,,,,,,,
"2-ethyl-2-(hydroxymethyl)-1,3-propanediol__water",340,,,,,,,,,,,,,
1-hexanol__dibutyl ether,328,,,,,,,,,,,,,
n-butyl alcohol__butyl oxide,300,,,,,,,,,,,,,
"n-heptane__2,2,4-trimethylpentane",299,,,,,,,,,,,,,
cyclohexanol__water,295,,,,,,,,,,,,,
"ethanol__2,2,4-trimethylpentane",295,,,,,,,,,,,,,
cis-decalin__trans-decalin,293,,,,,,,,,,,,,
"1,3-propanediol, 2,2-diethyl-__water",288,,,,,,,,,,,,,
cyclopentanol__water,287,,,,,,,,,,,,,
neopentyl glycol__water,284,,,,,,,,,,,,,
"1,8-dihydroxyoctane__water",283,,,,,,,,,,,,,
monoglyme__water,280,,,,,,,,,,,,,
bis(2-hydroxyethyl) ether__water,280,,,,,,,,,,,,,
neopentyl alcohol__water,276,,,,,,,,,,,,,
pentamethyleneglycol__water,276,,,,,,,,,,,,,
.beta.-butylene glycol__water,276,,,,,,,,,,,,,
"1,5-pentanediol__water",269,,,,,,,,,,,,,
"2,2-diethyl-1,3-propanediol__water",263,,,,,,,,,,,,,
"2-methyl-1,3-propanediol__water",263,,,,,,,,,,,,,
1-butanol__heptane,261,,,,,,,,,,,,,
2-methyl-2-propanol__methyl tert-butyl ether,260,,,,,,,,,,,,,
1-propanol__dibutyl ether,259,,,,,,,,,,,,,
"1,6-hexanediol__water",255,,,,,,,,,,,,,
"1-heptanol__1,4-dioxane",252,,,,,,,,,,,,,
"1,3-butanediol__water",248,,,,,,,,,,,,,
"1,2-butanediol__water",248,,,,,,,,,,,,,
methanol__benzene,248,,,,,,,,,,,,,
"1,4-dimethylbenzene__decane",246,,,,,,,,,,,,,
"1,4-dimethylbenzene__octane",242,,,,,,,,,,,,,
"1,6-dihydroxyhexane__water",234,,,,,,,,,,,,,
2-butoxyethanol__water,232,,,,,,,,,,,,,
ribitol__water,227,,,,,,,,,,,,,
"1-butanol__2,2,4-trimethylpentane",224,,,,,,,,,,,,,
diglyme__water,224,,,,,,,,,,,,,
cycloheptanol__water,222,,,,,,,,,,,,,
"1,8-octanediol__water",220,,,,,,,,,,,,,
glycerin__water,218,,,,,,,,,,,,,
propylene glycol__water,216,,,,,,,,,,,,,
1-butanol__toluene,214,,,,,,,,,,,,,
"1,2-hexanediol__water",209,,,,,,,,,,,,,
decane__methyl tert-butyl ether,201,,,,,,,,,,,,,
2-propanol__dibutyl ether,200,,,,,,,,,,,,,
hexane__n-decane,200,,,,,,,,,,,,,
"3,6-dioxaoctane__water",196,,,,,,,,,,,,,
2-phenylethanol__2-propanol,195,,,,,,,,,,,,,
1-butanol__dibutyl ether,194,,,,,,,,,,,,,
nonane__methyl tert-butyl ether,193,,,,,,,,,,,,,
1-butanol__benzene,189,,,,,,,,,,,,,
methylbenzene__n-heptane,185,,,,,,,,,,,,,
"1,2-dimethoxyethane__water",181,,,,,,,,,,,,,
cyclohexylmethanol__water,176,,,,,,,,,,,,,
2-cyclohexylethanol__water,175,,,,,,,,,,,,,
1-butanol__hexane,174,,,,,,,,,,,,,
diethoxymethane__water,173,,,,,,,,,,,,,
"2,5,8-trioxanonane__water",172,,,,,,,,,,,,,
"1-propanol__2,2,4-trimethylpentane",172,,,,,,,,,,,,,
n-octane__nonane,171,,,,,,,,,,,,,
ethanol__cyclohexane,170,,,,,,,,,,,,,
ethanol__isopropyl ether,169,,,,,,,,,,,,,
2-propanol__cyclohexane,165,,,,,,,,,,,,,
pentaerythritol__water,165,,,,,,,,,,,,,
1-hexanol__1-butoxy-2-propanol,160,,,,,,,,,,,,,
1-octanol__1-butoxy-2-propanol,160,,,,,,,,,,,,,
"1,4-dioxane__water",157,,,,,,,,,,,,,
cyclooctanol__water,156,,,,,,,,,,,,,
"2,2-dimethyl-1,3-propanediol__water",156,,,,,,,,,,,,,
"toluene__2,2,4-trimethylpentane",154,,,,,,,,,,,,,
"ethanol__1,2-dimethoxyethane",153,,,,,,,,,,,,,
methanol__methyl tert-butyl ether,151,,,,,,,,,,,,,
toluene__heptane,151,,,,,,,,,,,,,
"o-hydroxytoluene__phenol, 3-methyl-",150,,,,,,,,,,,,,
hexane__heptane,149,,,,,,,,,,,,,
"dibutyl ether__ethanol, 2-propoxy-",146,,,,,,,,,,,,,
"butan-1-ol__butane, 1,4-dihydroxy-",144,,,,,,,,,,,,,
ethanol__isooctane,144,,,,,,,,,,,,,
butan-1-ol__methyl tert-butyl ether,144,,,,,,,,,,,,,
2-propanol__methyl tert-butyl ether,144,,,,,,,,,,,,,
toluene__cyclohexane,142,,,,,,,,,,,,,
pentan-1-ol__methyl tert-butyl ether,140,,,,,,,,,,,,,
1-hexanol__2-butoxyethanol,140,,,,,,,,,,,,,
1-butanol__2-butoxyethanol,140,,,,,,,,,,,,,
pentylcarbinol__methyl tert-butyl ether,140,,,,,,,,,,,,,
ethanol__methyl tert-butyl ether,140,,,,,,,,,,,,,
2-butanol__2-butoxyethanol,140,,,,,,,,,,,,,
2-propanol__2-butoxyethanol,140,,,,,,,,,,,,,
propan-1-ol__methyl tert-butyl ether,140,,,,,,,,,,,,,
2-butoxyethanol__1-octanol,140,,,,,,,,,,,,,
1-propanol__2-butoxyethanol,140,,,,,,,,,,,,,
pentane__nonane,138,,,,,,,,,,,,,
benzene__methylcyclohexane,135,,,,,,,,,,,,,
methylcyclohexane__toluene,135,,,,,,,,,,,,,
"nonane__2,5,8-trioxanonane",135,,,,,,,,,,,,,
1-octanol__dibutyl ether,134,,,,,,,,,,,,,
ethanol__2-methyl-1-butanol,134,,,,,,,,,,,,,
1-butanol__methyl tert-butyl ether,133,,,,,,,,,,,,,
"(RS)-2-butanol__1,2-butanediol",132,,,,,,,,,,,,,
"1-propanol__1,3-propanediol",132,,,,,,,,,,,,,
"benzenemethanol__1,2-butanediol",132,,,,,,,,,,,,,
"1,3-butanediol__1,2-butanediol",132,,,,,,,,,,,,,
"2-propanol__1,3-propanediol",132,,,,,,,,,,,,,
2-propanol__tert-butanol,132,,,,,,,,,,,,,
2-phenylethanol__1-propanol,132,,,,,,,,,,,,,
"1,2-dimethoxyethane__nonane",132,,,,,,,,,,,,,
"2-phenylethanol__1,2-butanediol",132,,,,,,,,,,,,,
1-propanol__tert-butanol,132,,,,,,,,,,,,,
1-propanol__benzene,131,,,,,,,,,,,,,
1-pentanol__dibutyl ether,131,,,,,,,,,,,,,
ethanol__benzene,131,,,,,,,,,,,,,
"1-butanol__1,4-butanediol",130,,,,,,,,,,,,,
octane__methyl tert-butyl ether,129,,,,,,,,,,,,,
1-butanol__2-(2-methoxyethoxy)ethanol,126,,,,,,,,,,,,,
"isopropyl ether__2,2,4-trimethylpentane",126,,,,,,,,,,,,,
1-butanol__decane,126,,,,,,,,,,,,,
"ethanol, 2-ethoxy-__cyclohexane",124,,,,,,,,,,,,,
2-(2-methoxyethoxy)ethanol__water,123,,,,,,,,,,,,,
toluene__tert-butyl ethyl ether,122,,,,,,,,,,,,,
2-methoxyethanol__2-(2-methoxyethoxy)ethanol,122,,,,,,,,,,,,,
oxacyclopentane__water,120,,,,,,,,,,,,,
1-butanol__2-methyltetrahydrofuran,120,,,,,,,,,,,,,
"1-butanol__3,6-dioxa-1-octanol",120,,,,,,,,,,,,,
xylitol__water,118,,,,,,,,,,,,,
ethanol__hexane,118,,,,,,,,,,,,,
"2,5-hexanediol__water",114,,,,,,,,,,,,,
toluene__tetrahydropyran,114,,,,,,,,,,,,,
2-methoxyethanol__2-butoxyethanol,114,,,,,,,,,,,,,
benzene__tetrahydropyran,114,,,,,,,,,,,,,
pentane__n-octane,114,,,,,,,,,,,,,
1-butanol__octane,112,,,,,,,,,,,,,
toluene__octane,111,,,,,,,,,,,,,
1-heptanol__dibutyl ether,110,,,,,,,,,,,,,
"ethanol__2,5,8-trioxanonane",108,,,,,,,,,,,,,
1-butanol__tetrahydropyran,108,,,,,,,,,,,,,
"1,3-benzenediol__water",107,,,,,,,,,,,,,
pentane__heptane,107,,,,,,,,,,,,,
"1-butanol__1,2-ethanediol",107,,,,,,,,,,,,,
"1,4-dimethylbenzene__cyclohexane",107,,,,,,,,,,,,,
methanol__1-propanol,105,,,,,,,,,,,,,
methanol__2-methyl-1-propanol,105,,,,,,,,,,,,,
methanol__2-propanol,105,,,,,,,,,,,,,
2-methoxyethanol__tert-butyl ethyl ether,105,,,,,,,,,,,,,
2-(2-methoxyethoxy)ethanol__tert-butyl ethyl ether,105,,,,,,,,,,,,,
methanol__1-butanol,105,,,,,,,,,,,,,
methanol__ethylbenzene,105,,,,,,,,,,,,,
"1,2-ethanediol__1-nonanol",103,,,,,,,,,,,,,
1-propanol__cyclopentane,102,,,,,,,,,,,,,
"benzene__ethanol, 2-ethoxy-",102,,,,,,,,,,,,,
1-butanol__water,101,,,,,,,,,,,,,
tetralin__isobutylbenzene,100,,,,,,,,,,,,,
pentane__hexane,100,,,,,,,,,,,,,
heptane__methyl tert-butyl ether,99,,,,,,,,,,,,,
"1,2,3-propanetriol__ethylene glycol",99,,,,,,,,,,,,,
ethanol__2-methyl-2-butanol,98,,,,,,,,,,,,,
ethanol__3-methyl-1-butanol,98,,,,,,,,,,,,,
1-octanol__decane,96,,,,,,,,,,,,,
benzene__2-ethyl-1-hexanol,96,,,,,,,,,,,,,
2-propanol__tetrahydrofuran,96,,,,,,,,,,,,,
2-methoxyethanol__1-hexanol,96,,,,,,,,,,,,,
"1,3,5-trimethylbenzene__methylcyclohexane",96,,,,,,,,,,,,,
2-methoxyethanol__1-octanol,96,,,,,,,,,,,,,
ethylbenzene__1-nonanol,96,,,,,,,,,,,,,
"1,4-dimethylbenzene__methylcyclohexane",96,,,,,,,,,,,,,
tetrahydrofuran__n-hexyl alcohol,96,,,,,,,,,,,,,
"1,3-dimethylbenzene__1-nonanol",96,,,,,,,,,,,,,
hexane__1-octanol,96,,,,,,,,,,,,,
tetrahydrofuran__octyl alcohol,96,,,,,,,,,,,,,
"1,4-dimethylbenzene__1-nonanol",96,,,,,,,,,,,,,
"1,2-dimethylbenzene__1-nonanol",96,,,,,,,,,,,,,
octane__1-octanol,96,,,,,,,,,,,,,
methanol__2-methyl-2-propanol,95,,,,,,,,,,,,,
"benzene__2,2,4-trimethylpentane",92,,,,,,,,,,,,,
"1-pentanol__2,2,4-trimethylpentane",92,,,,,,,,,,,,,
ethylbenzene__methylcyclohexane,91,,,,,,,,,,,,,
benzyl alcohol__1-heptanol,90,,,,,,,,,,,,,
2-(2-methylpropoxy)ethanol__water,90,,,,,,,,,,,,,
benzyl alcohol__1-octanol,90,,,,,,,,,,,,,
benzyl alcohol__1-nonanol,90,,,,,,,,,,,,,
2-butoxyethan-1-ol__water,90,,,,,,,,,,,,,
1-butanol__cyclopentane,89,,,,,,,,,,,,,
1-propanol__cyclohexane,89,,,,,,,,,,,,,
butan-2-ol__diethylene glycol,88,,,,,,,,,,,,,
"1,2-propanediol__1,4-butanediol",88,,,,,,,,,,,,,
butan-1-ol__diethylene glycol,88,,,,,,,,,,,,,
"2-methoxyethanol__ethanol, 2-ethoxy-",88,,,,,,,,,,,,,
"1,4-butanediol__diethylene glycol",88,,,,,,,,,,,,,
n-butanol__oxacyclopentane,88,,,,,,,,,,,,,
"1,2-ethanediol__1,4-butanediol",88,,,,,,,,,,,,,
"glycerol__1,3-propanediol",88,,,,,,,,,,,,,
"glycerol__1,2-propanediol",88,,,,,,,,,,,,,
ethyl alcohol__pentan-1-ol,88,,,,,,,,,,,,,
ethyl alcohol__propan-1-ol,88,,,,,,,,,,,,,
glycerol__2-propanol,88,,,,,,,,,,,,,
meso-erythritol__water,88,,,,,,,,,,,,,
glycerol__1-propanol,88,,,,,,,,,,,,,
"1,4-butanediol__1,3-propanediol",88,,,,,,,,,,,,,
ethyl alcohol__n-butyl alcohol,88,,,,,,,,,,,,,
1-hexanol__octane,86,,,,,,,,,,,,,
2-methyl-1-propanol__water,86,,,,,,,,,,,,,
"1-butanol__1,4-dioxane",86,,,,,,,,,,,,,
cyclohexane__2-butoxyethanol,85,,,,,,,,,,,,,
"2-propanol__1,3-dioxolane",85,,,,,,,,,,,,,
benzene__2-butoxyethanol,85,,,,,,,,,,,,,
"cyclohexane__1,4-dioxane",85,,,,,,,,,,,,,
toluene__2-heptanol,84,,,,,,,,,,,,,
2-propanol__tetrahydropyran,84,,,,,,,,,,,,,
"tetrahydropyran__pentane, 2,2,4-trimethyl-",84,,,,,,,,,,,,,
"1-hexanol__2,2,4-trimethylpentane",84,,,,,,,,,,,,,
toluene__2-octanol,84,,,,,,,,,,,,,
"2-propanol__pentane, 2,2,4-trimethyl-",84,,,,,,,,,,,,,
"1-heptanol__2,2,4-trimethylpentane",84,,,,,,,,,,,,,
toluene__2-hexanol,84,,,,,,,,,,,,,
ethanol__benzyl alcohol,84,,,,,,,,,,,,,
1-butanol__methylcyclohexane,82,,,,,,,,,,,,,
1-butanol__2-methyl-1-propanol,81,,,,,,,,,,,,,
"methanol__1,2-ethanediol",81,,,,,,,,,,,,,
2-methyl-2-propanol__isobutyl alcohol,80,,,,,,,,,,,,,
"1,2-benzenediol__water",80,,,,,,,,,,,,,
ethanol__cyclopentane,78,,,,,,,,,,,,,
2-propanol__cyclopentane,78,,,,,,,,,,,,,
"bis(2-hydroxyethyl) ether__ethanol, 2-propoxy-",78,,,,,,,,,,,,,
ethylbenzene__cyclohexane,78,,,,,,,,,,,,,
2-methyl-2-propanol__tert-butyl ethyl ether,78,,,,,,,,,,,,,
ethanol__tert-butyl ethyl ether,78,,,,,,,,,,,,,
octane__2-pentanol,78,,,,,,,,,,,,,
ethylbenzene__tert-butyl ethyl ether,78,,,,,,,,,,,,,
benzene__tert-butyl ethyl ether,78,,,,,,,,,,,,,
"triethylene glycol__ethanol, 2-propoxy-",78,,,,,,,,,,,,,
decane__2-pentanol,78,,,,,,,,,,,,,
2-methyl-2-butanol__tetrahydrofuran,78,,,,,,,,,,,,,
cyclopentane__2-pentanol,78,,,,,,,,,,,,,
"2,2,4-trimethylpentane__tert-butyl ethyl ether",78,,,,,,,,,,,,,
"n-octane__2,2,4-trimethylpentane",77,,,,,,,,,,,,,
1-propanol__n-octane,77,,,,,,,,,,,,,
1-octanol__1-nonanol,77,,,,,,,,,,,,,
ethanol__n-octane,77,,,,,,,,,,,,,
1-butanol__n-octane,77,,,,,,,,,,,,,
toluene__2-methoxyethanol,77,,,,,,,,,,,,,
"4-methylphenol__1,2-ethanediol",77,,,,,,,,,,,,,
1-pentanol__n-octane,77,,,,,,,,,,,,,
benzene__2-methoxyethanol,77,,,,,,,,,,,,,
"1,2-ethanediol__3-methylphenol",77,,,,,,,,,,,,,
ethanol__2-propanol,76,,,,,,,,,,,,,
toluene__hexane,76,,,,,,,,,,,,,
"1,5-hexanediol__water",75,,,,,,,,,,,,,
tetralin__n-decane,75,,,,,,,,,,,,,
ethanol__1-propanol,74,,,,,,,,,,,,,
1-butanol__2-methyl-2-propanol,72,,,,,,,,,,,,,
o-xylene__tetrahydropyran,72,,,,,,,,,,,,,
"1,2-dimethylbenzene__1,2-dimethoxyethane",72,,,,,,,,,,,,,
2-propanol__methylcyclohexane,71,,,,,,,,,,,,,
tert-butanol__heptane,70,,,,,,,,,,,,,
tetramethylene oxide__water,68,,,,,,,,,,,,,
"2,5,8-trioxanonane__heptane",67,,,,,,,,,,,,,
"1,2,4-trimethylcyclohexane__JP-10",66,,,,,,,,,,,,,
"1,2-dihydroxypropane__1-octanol",66,,,,,,,,,,,,,
"1,4-dimethylbenzene__1,2-dimethoxyethane",66,,,,,,,,,,,,,
ethylbenzene__2-methoxyethanol,66,,,,,,,,,,,,,
2-methoxyethanol__cyclohexane,66,,,,,,,,,,,,,
methylcyclohexane__JP-10,66,,,,,,,,,,,,,
"1,3-dimethylbenzene__2-butoxyethanol",66,,,,,,,,,,,,,
"1,2-dimethylbenzene__2-methoxyethanol",66,,,,,,,,,,,,,
benzene__methoxybenzene,66,,,,,,,,,,,,,
"1,2-dihydroxypropane__1-nonanol",66,,,,,,,,,,,,,
"toluene__ethanol, 2-ethoxy-",66,,,,,,,,,,,,,
"1,4-dimethylbenzene__heptane",66,,,,,,,,,,,,,
"ethylbenzene__ethanol, 2-ethoxy-",66,,,,,,,,,,,,,
ethylcyclohexane__JP-10,66,,,,,,,,,,,,,
"1,4-dimethylbenzene__2-butoxyethanol",66,,,,,,,,,,,,,
"1,3-dimethylbenzene__ethanol, 2-ethoxy-",66,,,,,,,,,,,,,
"1,4-dioxane__cyclopentane",66,,,,,,,,,,,,,
1-propanol__isopropyl ether,66,,,,,,,,,,,,,
"1,4-dimethylbenzene__ethanol, 2-ethoxy-",66,,,,,,,,,,,,,
"1,2-dihydroxypropane__amylcarbinol",66,,,,,,,,,,,,,
ethylbenzene__2-butoxyethanol,66,,,,,,,,,,,,,
"1,3-dimethylbenzene__2-methoxyethanol",66,,,,,,,,,,,,,
"1,2-dimethylbenzene__2-butoxyethanol",66,,,,,,,,,,,,,
methoxybenzene__toluene,66,,,,,,,,,,,,,
"1,4-dimethylbenzene__2-methoxyethanol",66,,,,,,,,,,,,,
toluene__2-butoxyethanol,66,,,,,,,,,,,,,
"1,2-dimethylbenzene__ethanol, 2-ethoxy-",66,,,,,,,,,,,,,
"1,2-dihydroxypropane__methyl alcohol",66,,,,,,,,,,,,,
butylcyclohexane__JP-10,66,,,,,,,,,,,,,
"1-butanol__1,2-butanediol",65,,,,,,,,,,,,,
2-methylphenol__1-nonanol,64,,,,,,,,,,,,,
.alpha.-methyltoluene__1-nonanol,64,,,,,,,,,,,,,
"1,4-xylene__1-nonanol",64,,,,,,,,,,,,,
"1,3,5-trimethylbenzene__octane",64,,,,,,,,,,,,,
4-methylphenol__1-nonanol,64,,,,,,,,,,,,,
"benzene, 1,3,5-trimethyl-__1-nonanol",64,,,,,,,,,,,,,
"1,3-dimethylbenzene__octane",64,,,,,,,,,,,,,
methanol__cyclohexane,64,,,,,,,,,,,,,
3-methylphenol__1-nonanol,64,,,,,,,,,,,,,
dimethylglycol__heptane,64,,,,,,,,,,,,,
methyl phenyl ether__1-nonanol,64,,,,,,,,,,,,,
m-xylene__1-nonanol,64,,,,,,,,,,,,,
"1,2-xylene__1-nonanol",64,,,,,,,,,,,,,
"2-methyl-2-propanol__2,2,4-trimethylpentane",63,,,,,,,,,,,,,
ethanol__2-methyl-2-propanol,63,,,,,,,,,,,,,
2-phenylethanol__benzyl alcohol,63,,,,,,,,,,,,,
"2-propanol__2,2,4-trimethylpentane",63,,,,,,,,,,,,,
isopropyl ether__methylcyclohexane,63,,,,,,,,,,,,,
"2,2,4-trimethylpentane__1,3-dioxolane",63,,,,,,,,,,,,,
2-propanol__benzyl alcohol,63,,,,,,,,,,,,,
"tetrahydrofuran__2,2,4-trimethylpentane",63,,,,,,,,,,,,,
1-propanol__methyl tert-butyl ether,63,,,,,,,,,,,,,
benzene__nonane,61,,,,,,,,,,,,,
toluene__cyclooctane,61,,,,,,,,,,,,,
ethylbenzene__cyclooctane,61,,,,,,,,,,,,,
benzene__heptane,61,,,,,,,,,,,,,
benzene__cyclooctane,61,,,,,,,,,,,,,
"(RS)-2-butanol__1,1-dimethylethyl methyl ether",61,,,,,,,,,,,,,
"furfuryl alcohol, tetrahydro-__water",60,,,,,,,,,,,,,
ethanol__n-decane,60,,,,,,,,,,,,,
"1,2-dihydroxypropane__n-propyl alcohol",60,,,,,,,,,,,,,
"ethanol, 2-ethoxy-__octane",59,,,,,,,,,,,,,
cyclohexane__tetrahydropyran,59,,,,,,,,,,,,,
2-propanol__1-propanol,58,,,,,,,,,,,,,
methylcyclohexane__heptane,58,,,,,,,,,,,,,
"1,1-diethoxyethane__1,3,5-trimethylbenzene",57,,,,,,,,,,,,,
"2,2-dimethoxypropane__1,2,4-trimethylbenzene",57,,,,,,,,,,,,,
"1-propanol__1,2-ethanediol",57,,,,,,,,,,,,,
1-butanol__5-oxanonane,57,,,,,,,,,,,,,
"ethanol__1,2-ethanediol",57,,,,,,,,,,,,,
"1,2,4-trimethylbenzene__1,1-diethoxyethane",57,,,,,,,,,,,,,
methylcyclohexane__hexane,57,,,,,,,,,,,,,
"2-propanol__1,2-ethanediol",57,,,,,,,,,,,,,
"2,2-dimethoxypropane__1,3,5-trimethylbenzene",57,,,,,,,,,,,,,
"3,6-dioxa-1-octanol__water",56,,,,,,,,,,,,,
methylcyclohexane__octane,56,,,,,,,,,,,,,
n-propanol__water,56,,,,,,,,,,,,,
"1-hexanol__1,4-dioxane",56,,,,,,,,,,,,,
"ethanol, 2-ethoxy-__water",56,,,,,,,,,,,,,
methanol__4-methylphenol,55,,,,,,,,,,,,,
methanol__3-methylphenol,55,,,,,,,,,,,,,
1-octanol__heptane,55,,,,,,,,,,,,,
cyclohexane__JP-10,55,,,,,,,,,,,,,
"1,4-dimethylbenzene__pentylcarbinol",55,,,,,,,,,,,,,
"1,3-dimethylbenzene__cyclooctane",54,,,,,,,,,,,,,
"pentyl alcohol__1,2-dimethoxyethane",54,,,,,,,,,,,,,
"1,3,5-trioxane__water",53,,,,,,,,,,,,,
"1,3-dimethylbenzene__cyclopentane",52,,,,,,,,,,,,,
"1,3,5-trimethylbenzene__cyclopentane",52,,,,,,,,,,,,,
"1,3,5-trimethylbenzene__cyclooctane",52,,,,,,,,,,,,,
"1,3,5-trimethylbenzene__cyclohexane",52,,,,,,,,,,,,,
"1,2-dimethylbenzene__cyclooctane",52,,,,,,,,,,,,,
"1,3-dimethylbenzene__methylcyclohexane",52,,,,,,,,,,,,,
"1,2-dimethylbenzene__cyclopentane",52,,,,,,,,,,,,,
"1,3-dimethylbenzene__cyclohexane",52,,,,,,,,,,,,,
"1,2-dimethylbenzene__cyclohexane",52,,,,,,,,,,,,,
"1,4-dimethylbenzene__cyclopentane",52,,,,,,,,,,,,,
"1,4-dimethylbenzene__cyclooctane",52,,,,,,,,,,,,,
"1,2-dimethylbenzene__methylcyclohexane",52,,,,,,,,,,,,,
1-pentanol__cyclohexane,51,,,,,,,,,,,,,
"hexane__ethanol, 2-ethoxy-",51,,,,,,,,,,,,,
"1,2-ethanediol__1-hexanol",50,,,,,,,,,,,,,
"1,2-ethanediol__1-octanol",50,,,,,,,,,,,,,
methylcyclohexane__1-heptanol,48,,,,,,,,,,,,,
bis(2-hydroxyethyl) ether__pentan-2-ol,48,,,,,,,,,,,,,
butan-2-ol__bis(2-hydroxyethyl) ether,48,,,,,,,,,,,,,
bis(2-hydroxyethyl) ether__butylmethylcarbinol,48,,,,,,,,,,,,,
2-hydroxymethylfuran__water,48,,,,,,,,,,,,,
"benzene__butane, 2-methoxy-2-methyl-",48,,,,,,,,,,,,,
"2,2,4-trimethylpentane__butane, 2-methoxy-2-methyl-",48,,,,,,,,,,,,,
hexane__cyclohexane,48,,,,,,,,,,,,,
bis(2-hydroxyethyl) ether__amylmethylcarbinol,48,,,,,,,,,,,,,
ethanol__paraldehyde,48,,,,,,,,,,,,,
sec-propyl alcohol__bis(2-hydroxyethyl) ether,48,,,,,,,,,,,,,
1-propanol__tetrahydrofuran,47,,,,,,,,,,,,,
p-dioxane__water,46,,,,,,,,,,,,,
propane__n-decane,46,,,,,,,,,,,,,
ethylbenzene__heptane,46,,,,,,,,,,,,,
pentan-1-ol__n-octane,45,,,,,,,,,,,,,
1-hexanol__heptane,45,,,,,,,,,,,,,
n-octane__butyl oxide,45,,,,,,,,,,,,,
pentan-1-ol__butyl oxide,45,,,,,,,,,,,,,
toluene__nonane,45,,,,,,,,,,,,,
isopropanol__isobutyl alcohol,45,,,,,,,,,,,,,
"methoxybenzene__1,3-dimethylbenzene",44,,,,,,,,,,,,,
"1,2-dimethylbenzene__methoxybenzene",44,,,,,,,,,,,,,
n-propyl alcohol__isobutyl alcohol,44,,,,,,,,,,,,,
"octane__1,2,3,4-tetrahydronaphthalene",44,,,,,,,,,,,,,
"benzene__1,4-dioxane",44,,,,,,,,,,,,,
"2-methyl-1-propanol__1,3-dioxolane",44,,,,,,,,,,,,,
"nonane__1,2,3,4-tetrahydronaphthalene",44,,,,,,,,,,,,,
"1,2-dimethoxyethane__1-octanol",44,,,,,,,,,,,,,
1-propanol__methylcyclohexane,44,,,,,,,,,,,,,
2-propanol__methoxybenzene,44,,,,,,,,,,,,,
methoxybenzene__3-methyl-1-butanol,44,,,,,,,,,,,,,
"1,2,3,4-tetrahydronaphthalene__n-decane",44,,,,,,,,,,,,,
"2-methyl-2-propanol__1,3-dioxolane",44,,,,,,,,,,,,,
"methoxybenzene__1,4-dimethylbenzene",44,,,,,,,,,,,,,
"methoxybenzene__1,4-dioxane",44,,,,,,,,,,,,,
"2-butoxyethanol__1-butanol, 3-methyl-",44,,,,,,,,,,,,,
1-butanol__methoxybenzene,44,,,,,,,,,,,,,
methoxybenzene__methylcyclohexane,44,,,,,,,,,,,,,
methylcyclohexane__decane,44,,,,,,,,,,,,,
1-pentanol__methoxybenzene,44,,,,,,,,,,,,,
"2-methyl-1-propanol__1,4-dioxane",44,,,,,,,,,,,,,
"methylcyclohexane__2,2,4-trimethylpentane",44,,,,,,,,,,,,,
"2-methyl-2-propanol__1,4-dioxane",44,,,,,,,,,,,,,
"methoxybenzene__1,3,5-trimethylbenzene",44,,,,,,,,,,,,,
methylcyclohexane__3-methyl-1-butanol,44,,,,,,,,,,,,,
"1,2-ethanediol__1,4-dioxane",44,,,,,,,,,,,,,
"hexane__1,4-dioxane",44,,,,,,,,,,,,,
methylcyclohexane__nonane,44,,,,,,,,,,,,,
1-propanol__methoxybenzene,44,,,,,,,,,,,,,
2-methyl-1-propanol__methylcyclohexane,44,,,,,,,,,,,,,
ethanol__methoxybenzene,44,,,,,,,,,,,,,
n-heptane__2-pentanol,42,,,,,,,,,,,,,
1-butanol__paraldehyde,42,,,,,,,,,,,,,
n-hexane__tetrahydropyran,42,,,,,,,,,,,,,
"1,2,4-trimethylbenzene__2-methoxyethanol",42,,,,,,,,,,,,,
"1,4-dimethylbenzene__tetrahydropyran",42,,,,,,,,,,,,,
cyclohexane__tert-butyl ethyl ether,42,,,,,,,,,,,,,
ethylene glycol methyl ether__water,42,,,,,,,,,,,,,
"1,2,4-trimethylbenzene__1,2-dimethoxyethane",42,,,,,,,,,,,,,
toluene__1-octanol,42,,,,,,,,,,,,,
"1,3,5-trimethylbenzene__1,2-dimethoxyethane",42,,,,,,,,,,,,,
"2,2,4-trimethylpentane__2-pentanol",42,,,,,,,,,,,,,
1-pentanol__toluene,42,,,,,,,,,,,,,
"1,4-dimethylbenzene__hexane",42,,,,,,,,,,,,,
tetrahydropyran__heptane,42,,,,,,,,,,,,,
toluene__1-heptanol,42,,,,,,,,,,,,,
pentan-1-ol__isooctane,42,,,,,,,,,,,,,
"1,3-dimethylbenzene__tetrahydropyran",42,,,,,,,,,,,,,
"1,3,5-trimethylbenzene__2-methoxyethanol",42,,,,,,,,,,,,,
1-propanol__paraldehyde,42,,,,,,,,,,,,,
"1,2-dimethylbenzene__tetrahydropyran",42,,,,,,,,,,,,,
pentan-1-ol__heptane,42,,,,,,,,,,,,,
1-propanol__tert-amyl methyl ether,42,,,,,,,,,,,,,
heptane__tert-butyl ethyl ether,41,,,,,,,,,,,,,
1-butanol__ethylbenzene,40,,,,,,,,,,,,,
ethanol__ethylbenzene,40,,,,,,,,,,,,,
xyliton__water,40,,,,,,,,,,,,,
"2-methyl-2-butanol__1,1-dimethylethyl methyl ether",39,,,,,,,,,,,,,
cyclohexane__2-pentanol,39,,,,,,,,,,,,,
cyclohexane__heptane,39,,,,,,,,,,,,,
"hexane__ether, methyl tert-pentyl",38,,,,,,,,,,,,,
"5-oxanonane__2,2,4-trimethylpentane",38,,,,,,,,,,,,,
1-propanol__3-methyl-1-butanol,38,,,,,,,,,,,,,
1-propanol__2-methyl-1-butanol,38,,,,,,,,,,,,,
benzene__1-hexanol,38,,,,,,,,,,,,,
methanol__2-methyl-1-butanol,38,,,,,,,,,,,,,
toluene__5-oxanonane,38,,,,,,,,,,,,,
methylcyclohexane__5-oxanonane,38,,,,,,,,,,,,,
heptane__dibutyl ether,38,,,,,,,,,,,,,
octane__heptane,37,,,,,,,,,,,,,
ethylbenzene__hexane,37,,,,,,,,,,,,,
ethanol__octane,37,,,,,,,,,,,,,
2-isopropoxyethanol__water,36,,,,,,,,,,,,,
1-pentanol__cyclopentane,36,,,,,,,,,,,,,
water__dipropylene glycol monomethyl ether,36,,,,,,,,,,,,,
1-propanol__ethylbenzene,36,,,,,,,,,,,,,
1-heptanol__cyclopentane,35,,,,,,,,,,,,,
2-methyl-1-butanol__water,34,,,,,,,,,,,,,
methoxybenzene__hexane,33,,,,,,,,,,,,,
"1,2-propanediol__1,3-propanediol",33,,,,,,,,,,,,,
methoxybenzene__decane,33,,,,,,,,,,,,,
benzene__2-methyltetrahydrofuran,33,,,,,,,,,,,,,
methoxybenzene__octane,33,,,,,,,,,,,,,
"1,2-propanediol__1,2-ethanediol",33,,,,,,,,,,,,,
"1,2-ethanediol__1,3-propanediol",33,,,,,,,,,,,,,
methylcyclohexane__exo-tetrahydrodicyclopentadiene,33,,,,,,,,,,,,,
"1,2-propanediol__pentylcarbinol",33,,,,,,,,,,,,,
1-hexanol__nonane,33,,,,,,,,,,,,,
methoxybenzene__nonane,33,,,,,,,,,,,,,
methoxybenzene__heptane,33,,,,,,,,,,,,,
2-methyl-1-propanol__decane,32,,,,,,,,,,,,,
2-methyl-1-propanol__octane,32,,,,,,,,,,,,,
2-methyl-1-propanol__hexane,32,,,,,,,,,,,,,
2-methoxyethanol__water,32,,,,,,,,,,,,,
"1,3-dimethylbenzene__hexane",31,,,,,,,,,,,,,
"1,2-propanediol__1-heptanol",30,,,,,,,,,,,,,
dioxolane__water,30,,,,,,,,,,,,,
benzene__5-oxanonane,30,,,,,,,,,,,,,
propan-1-ol__water,30,,,,,,,,,,,,,
2-phenylethanol__ethoxybenzene,30,,,,,,,,,,,,,
"isopropyl ether__1,3-dimethylbenzene",30,,,,,,,,,,,,,
benzyl alcohol__ethoxybenzene,29,,,,,,,,,,,,,
2-phenylethanol__methoxybenzene,29,,,,,,,,,,,,,
methoxybenzene__3-phenyl-1-propanol,29,,,,,,,,,,,,,
cyclohexane__octane,29,,,,,,,,,,,,,
benzyl alcohol__triethylene glycol,29,,,,,,,,,,,,,
benzyl alcohol__methoxybenzene,29,,,,,,,,,,,,,
"benzyl alcohol__1,2-ethanediol",29,,,,,,,,,,,,,
ethoxybenzene__3-phenyl-1-propanol,29,,,,,,,,,,,,,
benzyl alcohol__bis(2-hydroxyethyl) ether,29,,,,,,,,,,,,,
"butane, 1,4-dihydroxy-__water",28,,,,,,,,,,,,,
"2,3-butanediol__water",28,,,,,,,,,,,,,
oxane__water,28,,,,,,,,,,,,,
trimethylene glycol__water,28,,,,,,,,,,,,,
phenylmethane__tetrole,27,,,,,,,,,,,,,
tetrole__n-hexane,27,,,,,,,,,,,,,
"cyclopentane__1,3-dioxolane",27,,,,,,,,,,,,,
"benzene__1,3-dioxolane",27,,,,,,,,,,,,,
"1,2-dimethylbenzene__hexane",27,,,,,,,,,,,,,
"cyclohexane__1,3-dioxolane",27,,,,,,,,,,,,,
ethylbenzene__cyclopentane,26,,,,,,,,,,,,,
benzene__cyclopentane,26,,,,,,,,,,,,,
2-methyl-2-propanol__2-methyltetrahydrofuran,26,,,,,,,,,,,,,
toluene__cyclopentane,26,,,,,,,,,,,,,
ethylbenzene__octane,26,,,,,,,,,,,,,
2-methyl-1-propanol__2-methyltetrahydrofuran,26,,,,,,,,,,,,,
methylcyclohexane__2-octanol,26,,,,,,,,,,,,,
ethylbenzene__nonane,26,,,,,,,,,,,,,
"1,3-dioxolane__water",25,,,,,,,,,,,,,
ethylene glycol__1-heptanol,25,,,,,,,,,,,,,
"butan-1-ol__1,3-benzenediol",25,,,,,,,,,,,,,
n-propyl alcohol__water,25,,,,,,,,,,,,,
glycerol__ethanol,25,,,,,,,,,,,,,
benzene__toluene,25,,,,,,,,,,,,,
"propan-1-ol__1,3-benzenediol",25,,,,,,,,,,,,,
2-ethyl-1-hexanol__1-heptanol,24,,,,,,,,,,,,,
D-(+)-arabitol__water,24,,,,,,,,,,,,,
2-ethyl-1-hexanol__1-nonanol,24,,,,,,,,,,,,,
2-ethoxyethanol__water,24,,,,,,,,,,,,,
methylcyclohexane__2-pentanol,24,,,,,,,,,,,,,
methylcyclohexane__2-hexanol,24,,,,,,,,,,,,,
methylcyclohexane__2-heptanol,24,,,,,,,,,,,,,
benzene__hexane,24,,,,,,,,,,,,,
methanol__toluene,24,,,,,,,,,,,,,
2-n-butoxyethanol__water,24,,,,,,,,,,,,,
isobutanol__water,24,,,,,,,,,,,,,
diisopropyl__tetrahydrofuran,23,,,,,,,,,,,,,
"ethane, 1,1'-oxybis-__1,3-dioxolane",23,,,,,,,,,,,,,
neohexane__tetrahydrofuran,23,,,,,,,,,,,,,
ethylbenzene__toluene,23,,,,,,,,,,,,,
"ethanol, 2-ethoxy-__1,3-dioxolane",22,,,,,,,,,,,,,
methoxybenzene__propylbenzene,22,,,,,,,,,,,,,
1-propanol__1-pentanol,22,,,,,,,,,,,,,
2-ethyl-1-hexanol__ethylene glycol,22,,,,,,,,,,,,,
1-pentanol__1-heptanol,22,,,,,,,,,,,,,
heptane__cyclooctane,22,,,,,,,,,,,,,
1-propanol__1-heptanol,22,,,,,,,,,,,,,
methoxybenzene__butylbenzene,22,,,,,,,,,,,,,
ethylbenzene__methoxybenzene,22,,,,,,,,,,,,,
1-heptanol__1-nonanol,22,,,,,,,,,,,,,
"2-propanol__1,2-dimethylbenzene",22,,,,,,,,,,,,,
ethylene glycol__1-nonanol,22,,,,,,,,,,,,,
"2-methoxyethanol__1,3-dioxolane",22,,,,,,,,,,,,,
"2-propanol__1,4-dimethylbenzene",22,,,,,,,,,,,,,
"1,3-dimethylbenzene__pentylcarbinol",22,,,,,,,,,,,,,
"ethane, 1,1'-oxybis-__pentan-1-ol",22,,,,,,,,,,,,,
"2-butoxyethanol__1,3-dioxolane",22,,,,,,,,,,,,,
1-pentanol__1-nonanol,22,,,,,,,,,,,,,
"pentan-1-ol__1,3-dioxolane",22,,,,,,,,,,,,,
benzene__ethylbenzene,22,,,,,,,,,,,,,
"1,2-dimethylbenzene__pentylcarbinol",22,,,,,,,,,,,,,
1-propanol__1-nonanol,22,,,,,,,,,,,,,
hexane__methyl tert-butyl ether,21,,,,,,,,,,,,,
"water__propanol, oxybis-",21,,,,,,,,,,,,,
methanol__tetrahydrofuran,21,,,,,,,,,,,,,
tetramethylene oxide__dibutyl ether,21,,,,,,,,,,,,,
n-decane__2-heptanol,21,,,,,,,,,,,,,
2-octanol__n-decane,21,,,,,,,,,,,,,
n-decane__2-hexanol,21,,,,,,,,,,,,,
isopropyl ether__toluene,21,,,,,,,,,,,,,
"2,3-dimethylbutane__ether, dipropyl",20,,,,,,,,,,,,,
"ethanol__1,3-benzenediol",20,,,,,,,,,,,,,
3-pentanol__water,20,,,,,,,,,,,,,
dipropyl ether__dibutyl ether,20,,,,,,,,,,,,,
"butane, 2,2-dimethyl-__butyl oxide",20,,,,,,,,,,,,,
methanol__dibutyl ether,20,,,,,,,,,,,,,
tetramethylene oxide__dipropyl ether,20,,,,,,,,,,,,,
toluene__pentane,20,,,,,,,,,,,,,
1-pentanol__tetrahydropyran,20,,,,,,,,,,,,,
"2,3-dimethylbutane__butyl oxide",20,,,,,,,,,,,,,
1-propanol__octane,20,,,,,,,,,,,,,
"2-propanol__1,3-dimethylbenzene",20,,,,,,,,,,,,,
1-pentanol__2-ethyl-1-hexanol,20,,,,,,,,,,,,,
ethanol__ethylene glycol,20,,,,,,,,,,,,,
"1,4-dimethylbenzene__isopropyl ether",19,,,,,,,,,,,,,
"butane, 2,2-dimethyl-__ether, dipropyl",19,,,,,,,,,,,,,
"2-methyl-2-propanol__1,2-dimethylbenzene",19,,,,,,,,,,,,,
"octane__1,4-dioxane",19,,,,,,,,,,,,,
"2-methyl-2-propanol__1,3-dimethylbenzene",19,,,,,,,,,,,,,
2-methyl-1-propanol__3-methyl-1-butanol,19,,,,,,,,,,,,,
2-methyltetrahydrofuran__methyl tert-butyl ether,19,,,,,,,,,,,,,
1-propanol__tert-butyl ethyl ether,19,,,,,,,,,,,,,
"2-methyl-2-propanol__1,2,4-trimethylbenzene",19,,,,,,,,,,,,,
1-pentanol__decane,19,,,,,,,,,,,,,
"1,2-dimethylbenzene__isopropyl ether",19,,,,,,,,,,,,,
methanol__methoxymethane,19,,,,,,,,,,,,,
"2-methyl-1-propanol__1,3,5-trimethylbenzene",19,,,,,,,,,,,,,
cyclohexane__5-oxanonane,19,,,,,,,,,,,,,
"1,2,4-trimethylbenzene__tetrahydrofuran",19,,,,,,,,,,,,,
1-methoxy-2-propanol__cyclohexane,19,,,,,,,,,,,,,
"1,1-diethoxyethane__cyclohexane",19,,,,,,,,,,,,,
benzene__1-methoxy-2-propanol,19,,,,,,,,,,,,,
"cyclohexane__butane, 2,2-dimethoxy-",19,,,,,,,,,,,,,
3-methylpentane__isopropyl ether,19,,,,,,,,,,,,,
tetrahydrofuran__methyl tert-butyl ether,19,,,,,,,,,,,,,
epoxypropane__2-methylpentane,19,,,,,,,,,,,,,
cyclohexane__dibutyl ether,19,,,,,,,,,,,,,
1-pentanol__2-methyl-1-propanol,19,,,,,,,,,,,,,
2-methylphenol__decane,19,,,,,,,,,,,,,
"2-methyl-2-propanol__1,4-dimethylbenzene",19,,,,,,,,,,,,,
2-methylphenol__nonane,19,,,,,,,,,,,,,
"2-methyl-2-propanol__1,3,5-trimethylbenzene",19,,,,,,,,,,,,,
"1,3,5-trimethylbenzene__tetrahydrofuran",19,,,,,,,,,,,,,
ethanol__tetrahydropyran,19,,,,,,,,,,,,,
"1-butanol__1,2,4-trimethylbenzene",19,,,,,,,,,,,,,
1-propanol__methoxymethane,19,,,,,,,,,,,,,
propane__methoxymethane,19,,,,,,,,,,,,,
"2-methyl-1-propanol__1,2,4-trimethylbenzene",19,,,,,,,,,,,,,
ethanol__methoxymethane,19,,,,,,,,,,,,,
"1-butanol__1,3,5-trimethylbenzene",19,,,,,,,,,,,,,
"benzene__1,1-diethoxyethane",19,,,,,,,,,,,,,
1-butanol__methoxymethane,19,,,,,,,,,,,,,
2-methyl-1-propanol__2-methyl-1-butanol,19,,,,,,,,,,,,,
1-pentanol__nonane,18,,,,,,,,,,,,,
2-methyl-2-butanol__ethyl tert-pentyl ether,18,,,,,,,,,,,,,
1-butanol__ethyl tert-pentyl ether,18,,,,,,,,,,,,,
ethane__toluene,18,,,,,,,,,,,,,
3-methyl-2-butanol__water,18,,,,,,,,,,,,,
butan-2-ol__ethyl tert-pentyl ether,18,,,,,,,,,,,,,
isopropyl ether__octane,18,,,,,,,,,,,,,
tetrahydropyran__1-nonanol,18,,,,,,,,,,,,,
1-pentanol__hexane,18,,,,,,,,,,,,,
isopropyl ether__heptane,18,,,,,,,,,,,,,
"benzene__butane, 2,2-dimethoxy-",18,,,,,,,,,,,,,
"n-hexane__2,5-dimethylfuran",18,,,,,,,,,,,,,
isopropyl ether__hexane,18,,,,,,,,,,,,,
"benzyl alcohol__3,6-dioxa-1-octanol",17,,,,,,,,,,,,,
"benzyl alcohol__1,2-dimethoxyethane",17,,,,,,,,,,,,,
"1,2-propanediol__2-phenylethanol",17,,,,,,,,,,,,,
diethylene glycol__water,17,,,,,,,,,,,,,
"2-phenylethanol__1,2-ethanediol",17,,,,,,,,,,,,,
benzyl alcohol__dibutyl ether,17,,,,,,,,,,,,,
1-propanol__decane,17,,,,,,,,,,,,,
2-phenylethanol__triethylene glycol,17,,,,,,,,,,,,,
2-methylphenol__toluene,17,,,,,,,,,,,,,
"benzyl alcohol__ethanol, 2-ethoxy-",17,,,,,,,,,,,,,
"benzyl alcohol__3,6-dioxaoctane",17,,,,,,,,,,,,,
2-phenylethanol__bis(2-hydroxyethyl) ether,17,,,,,,,,,,,,,
2-methyl-1-propanol__1-methyl-1-(1-methylethoxy)ethane,17,,,,,,,,,,,,,
decahydronaphthalene__isopropyl ether,16,,,,,,,,,,,,,
isopropyl ether__cyclohexane,16,,,,,,,,,,,,,
benzene__isopropyl ether,16,,,,,,,,,,,,,
isopropyl ether__tetralin,16,,,,,,,,,,,,,
tert-pentyl alcohol__water,16,,,,,,,,,,,,,
methanol__dioxane,16,,,,,,,,,,,,,
3-methylphenol__water,15,,,,,,,,,,,,,
1-propanol__nonane,15,,,,,,,,,,,,,
methane__pentane,15,,,,,,,,,,,,,
butan-2-ol__cyclohexyl alcohol,15,,,,,,,,,,,,,
ethanol__nonane,15,,,,,,,,,,,,,
methane__ethane,15,,,,,,,,,,,,,
ethanol__decane,15,,,,,,,,,,,,,
"1,2-dimethylbenzene__dibutyl ether",15,,,,,,,,,,,,,
"1-butanol, 3-methyl-__water",15,,,,,,,,,,,,,
n-octane__n-heptane,14,,,,,,,,,,,,,
benzene__2-methyl-1-propanol,14,,,,,,,,,,,,,
ethylene glycol__water,13,,,,,,,,,,,,,
pentan-2-ol__water,13,,,,,,,,,,,,,
tetrahydropyran__water,13,,,,,,,,,,,,,
"1,3,5-trioxacyclohexane__water",13,,,,,,,,,,,,,
dioxane__water,13,,,,,,,,,,,,,
1-butanol__1-methyl-1-(1-methylethoxy)ethane,13,,,,,,,,,,,,,
1-octanol__2-octanol,13,,,,,,,,,,,,,
ethanol__oxane,13,,,,,,,,,,,,,
n-butyl alcohol__cyclohexyl alcohol,13,,,,,,,,,,,,,
anisole__phenol,13,,,,,,,,,,,,,
1-methyl-1-(1-methylethoxy)ethane__heptane,12,,,,,,,,,,,,,
ethanol__diethylene glycol,12,,,,,,,,,,,,,
ethanol__triethylene glycol,12,,,,,,,,,,,,,
methylcyclohexane__cyclohexane,12,,,,,,,,,,,,,
2-methylphenol__octane,12,,,,,,,,,,,,,
1-butanol__methane,12,,,,,,,,,,,,,
3-methylphenol__toluene,12,,,,,,,,,,,,,
2-propanol__methane,12,,,,,,,,,,,,,
4-methylphenol__toluene,12,,,,,,,,,,,,,
ethanol__dibutyl ether,11,,,,,,,,,,,,,
tetrahydropyran__1-heptanol,11,,,,,,,,,,,,,
methanol__.alpha.-toluenol,11,,,,,,,,,,,,,
tetrahydropyran__1-octanol,11,,,,,,,,,,,,,
toluene__dibutyl ether,11,,,,,,,,,,,,,
tetrahydropyran__1-hexanol,11,,,,,,,,,,,,,
tetrahydrofuran__1-octanol,11,,,,,,,,,,,,,
ethanol__tetrahydrofuran,11,,,,,,,,,,,,,
1-butanol__tetrahydrofuran,11,,,,,,,,,,,,,
3-methyl-1-butanol__water,11,,,,,,,,,,,,,
3-methylphenol__nonane,11,,,,,,,,,,,,,
"1,2-propanediol__methanol",11,,,,,,,,,,,,,
p-xylene__2-methoxyethanol,11,,,,,,,,,,,,,
"dibutyl ether__2,2,4-trimethylpentane",11,,,,,,,,,,,,,
tetrahydrofuran__nonane,11,,,,,,,,,,,,,
benzene__dibutyl ether,11,,,,,,,,,,,,,
methanol__anisol,11,,,,,,,,,,,,,
"toluene__1,4-dioxane",11,,,,,,,,,,,,,
propyl alcohol__cyclohexyl alcohol,11,,,,,,,,,,,,,
1-hexanol__cyclopentane,11,,,,,,,,,,,,,
phenol__1-octanol,11,,,,,,,,,,,,,
naphthalene__heptane,10,,,,,,,,,,,,,
toluene__phenol,10,,,,,,,,,,,,,
naphthalene__cyclohexane,10,,,,,,,,,,,,,
2-propanol__ethane,10,,,,,,,,,,,,,
methanol__tert-pentyl alcohol,10,,,,,,,,,,,,,
propan-1-ol__tert-pentyl alcohol,10,,,,,,,,,,,,,
1-nonanol__cyclopentane,10,,,,,,,,,,,,,
butan-1-ol__tert-pentyl alcohol,10,,,,,,,,,,,,,
"1,2-propanediol__1-propanol",10,,,,,,,,,,,,,
pentane__cyclohexane,10,,,,,,,,,,,,,
methanol__cyclohexyl alcohol,10,,,,,,,,,,,,,
pentan-1-ol__tert-pentyl alcohol,10,,,,,,,,,,,,,
"1,2-propanediol__ethanol",10,,,,,,,,,,,,,
"1,2-propanediol__1-butanol",10,,,,,,,,,,,,,
1-octanol__cyclopentane,10,,,,,,,,,,,,,
toluene__decane,10,,,,,,,,,,,,,
"2-ethyl-1-hexanol__2,3-butanediol",10,,,,,,,,,,,,,
ethanol__tert-pentyl alcohol,10,,,,,,,,,,,,,
ethanol__.alpha.-toluenol,10,,,,,,,,,,,,,
"1,2-propanediol__1-pentanol",10,,,,,,,,,,,,,
cyclohexane__1-heptanol,10,,,,,,,,,,,,,
ethanol__cyclohexyl alcohol,10,,,,,,,,,,,,,
"1,2-propanediol__1-hexanol",10,,,,,,,,,,,,,
tetrahydrofuran__1-hexanol,9,,,,,,,,,,,,,
cyclohexane__1-nonanol,9,,,,,,,,,,,,,
tetrahydrofuran__1-nonanol,9,,,,,,,,,,,,,
tetrahydrofuran__1-heptanol,9,,,,,,,,,,,,,
.alpha.-toluenol__pentylcarbinol,9,,,,,,,,,,,,,
2-propanol__cyclohexyl alcohol,9,,,,,,,,,,,,,
"1,4-dioxane__tetrahydropyran",9,,,,,,,,,,,,,
butan-1-ol__.alpha.-toluenol,9,,,,,,,,,,,,,
"2-ethyl-1-hexanol__butane, 1,4-dihydroxy-",9,,,,,,,,,,,,,
1-pentanol__water,9,,,,,,,,,,,,,
1-propanol__tetrahydropyran,9,,,,,,,,,,,,,
isooctane__methyl tert-butyl ether,9,,,,,,,,,,,,,
(RS)-2-butanol__water,9,,,,,,,,,,,,,
tetrahydropyran__decane,9,,,,,,,,,,,,,
1-butanol__ethane,9,,,,,,,,,,,,,
propan-1-ol__.alpha.-toluenol,9,,,,,,,,,,,,,
furan__water,9,,,,,,,,,,,,,
pentan-1-ol__.alpha.-toluenol,9,,,,,,,,,,,,,
cyclohexane__1-octanol,9,,,,,,,,,,,,,
triethylene glycol__water,9,,,,,,,,,,,,,
ethane__pentane,9,,,,,,,,,,,,,
"3-oxa-1,5-pentanediol__3,6-dioxa-1,8-octanediol",8,,,,,,,,,,,,,
2-methylphenol__water,8,,,,,,,,,,,,,
"1,2-ethanediol__3,6-dioxa-1,8-octanediol",8,,,,,,,,,,,,,
isopropyl ether__isooctane,8,,,,,,,,,,,,,
"1,2-ethanediol__3-oxa-1,5-pentanediol",8,,,,,,,,,,,,,
ethylene glycol__bis(2-hydroxyethyl) ether,8,,,,,,,,,,,,,
2-methyl-2-butanol__water,8,,,,,,,,,,,,,
2-pentanol__water,8,,,,,,,,,,,,,
3-methylphenol__octane,7,,,,,,,,,,,,,
methane__butane,6,,,,,,,,,,,,,
phenol__water,6,,,,,,,,,,,,,
4-methylphenol__water,6,,,,,,,,,,,,,
methanol__2-methoxyethanol,5,,,,,,,,,,,,,
"1,2-dimethylbenzene__methoxymethane",5,,,,,,,,,,,,,
"1,2-dimethylbenzene__butane",5,,,,,,,,,,,,,
2-methylpropane__toluene,5,,,,,,,,,,,,,
"octane__1,3-propanediol",5,,,,,,,,,,,,,
"1,3-dimethylbenzene__methoxymethane",5,,,,,,,,,,,,,
butane__toluene,5,,,,,,,,,,,,,
"2-methylpropane__1,3-dimethylbenzene",5,,,,,,,,,,,,,
"1,4-dimethylbenzene__butane",5,,,,,,,,,,,,,
"1,4-dimethylbenzene__methoxymethane",5,,,,,,,,,,,,,
toluene__methoxymethane,5,,,,,,,,,,,,,
"bis(2-hydroxyethyl) ether__3,6-dioxa-1,8-octanediol",5,,,,,,,,,,,,,
"propane__1,4-dimethylbenzene",5,,,,,,,,,,,,,
"ethylene glycol__3,6-dioxa-1,8-octanediol",5,,,,,,,,,,,,,
"propane__1,3-dimethylbenzene",5,,,,,,,,,,,,,
"butane__1,3-dimethylbenzene",5,,,,,,,,,,,,,
"2-methylpropane__1,2-dimethylbenzene",5,,,,,,,,,,,,,
"propane__1,2-dimethylbenzene",5,,,,,,,,,,,,,
"tetrahydrofuran__1,4-dioxane",5,,,,,,,,,,,,,
propane__toluene,5,,,,,,,,,,,,,
"decane__1,3-propanediol",5,,,,,,,,,,,,,
"2-methylpropane__1,4-dimethylbenzene",5,,,,,,,,,,,,,
tert-amyl methyl ether__water,4,,,,,,,,,,,,,
"butane, 2-ethoxy-2-methyl-__water",4,,,,,,,,,,,,,
tert-butyl ethyl ether__water,4,,,,,,,,,,,,,
benzene__propane,4,,,,,,,,,,,,,
benzene__methoxymethane,4,,,,,,,,,,,,,
benzene__2-methylpropane,4,,,,,,,,,,,,,
benzene__butane,4,,,,,,,,,,,,,
toluene__water,4,,,,,,,,,,,,,
methyl tert-butyl ether__water,4,,,,,,,,,,,,,
benzene__diethylene glycol,3,,,,,,,,,,,,,
n-pentane__diethylene glycol,3,,,,,,,,,,,,,
2-propanol__triethylene glycol,3,,,,,,,,,,,,,
methanol__diethylene glycol,3,,,,,,,,,,,,,
triethylene glycol__cyclopentane,3,,,,,,,,,,,,,
ethylbenzene__diethylene glycol,3,,,,,,,,,,,,,
methanol__ethane,3,,,,,,,,,,,,,
diethylene glycol__cycloheptane,3,,,,,,,,,,,,,
"1,2-ethanediol__decane",3,,,,,,,,,,,,,
1-propanol__triethylene glycol,3,,,,,,,,,,,,,
triethylene glycol__n-heptane,3,,,,,,,,,,,,,
2-propanol__diethylene glycol,3,,,,,,,,,,,,,
"hexane__1,3-propanediol",3,,,,,,,,,,,,,
n-hexane__diethylene glycol,3,,,,,,,,,,,,,
diethylene glycol__cyclopentane,3,,,,,,,,,,,,,
toluene__diethylene glycol,3,,,,,,,,,,,,,
cyclohexane__triethylene glycol,3,,,,,,,,,,,,,
diethylene glycol__n-heptane,3,,,,,,,,,,,,,
triethylene glycol__cycloheptane,3,,,,,,,,,,,,,
diethylene glycol__n-octane,3,,,,,,,,,,,,,
n-hexane__triethylene glycol,3,,,,,,,,,,,,,
ethylbenzene__triethylene glycol,3,,,,,,,,,,,,,
toluene__triethylene glycol,3,,,,,,,,,,,,,
n-octane__triethylene glycol,3,,,,,,,,,,,,,
benzene__triethylene glycol,3,,,,,,,,,,,,,
diethylene glycol__n-nonane,3,,,,,,,,,,,,,
n-pentane__triethylene glycol,3,,,,,,,,,,,,,
"1,2-ethanediol__hexane",3,,,,,,,,,,,,,
n-nonane__triethylene glycol,3,,,,,,,,,,,,,
diethylene glycol__cyclooctane,3,,,,,,,,,,,,,
triethylene glycol__cyclooctane,3,,,,,,,,,,,,,
cyclohexane__diethylene glycol,3,,,,,,,,,,,,,
1-propanol__diethylene glycol,3,,,,,,,,,,,,,
methanol__triethylene glycol,2,,,,,,,,,,,,,
propylene glycol__naphthalene,1,,,,,,,,,,,,,
methylcyclohexane__methyl cellosolve,1,,,,,,,,,,,,,
o-xylene__methyl cellosolve,1,,,,,,,,,,,,,
propylene glycol__ethylbenzene,1,,,,,,,,,,,,,
propylene glycol__m-xylene,1,,,,,,,,,,,,,
cyclopentane__cycloheptane,1,,,,,,,,,,,,,
propylene glycol__n-octane,1,,,,,,,,,,,,,
toluene__methyl cellosolve,1,,,,,,,,,,,,,
methyl cellosolve__n-octane,1,,,,,,,,,,,,,
m-xylene__methyl cellosolve,1,,,,,,,,,,,,,
methyl cellosolve__cyclooctane,1,,,,,,,,,,,,,
3-methylphenol__decane,1,,,,,,,,,,,,,
p-cymene__methyl cellosolve,1,,,,,,,,,,,,,
methyl cellosolve__n-nonane,1,,,,,,,,,,,,,
propylene glycol__benzene,1,,,,,,,,,,,,,
benzene__methyl cellosolve,1,,,,,,,,,,,,,
methylcyclopentane__methyl cellosolve,1,,,,,,,,,,,,,
propylene glycol__n-hexane,1,,,,,,,,,,,,,
ethylbenzene__methyl cellosolve,1,,,,,,,,,,,,,
glycidol__water,1,,,,,,,,,,,,,
propylene glycol__p-xylene,1,,,,,,,,,,,,,
naphthalene__methyl cellosolve,1,,,,,,,,,,,,,
methyl cellosolve__n-hexane,1,,,,,,,,,,,,,
propylene glycol__o-xylene,1,,,,,,,,,,,,,
methyl cellosolve__n-decane,1,,,,,,,,,,,,,
methyl cellosolve__cyclohexane,1,,,,,,,,,,,,,
p-xylene__methyl cellosolve,1,,,,,,,,,,,,,
methyl cellosolve__n-heptane,1,,,,,,,,,,,,,
propylene glycol__n-heptane,1,,,,,,,,,,,,,
propylene glycol__toluene,1,,,,,,,,,,,,,
